Designator,Footprint,Quantity,Value,LCSC Part #
BAT1,MS621FE-FL11E,1,MS621FE-FL11E,MS621FE-FL11E
"BOOT1, LED1, LED2, NVME1, PWR1, USER1",LED0603,6,~,KPT-1608SGC
"C1, C2, C3, C4, C62",0402-cap,5,C_4u7_0402,GRM155R61A475MEAAD
"C10, C11",KEMET_B,2,C_330u_KEMET_B,T520B337M006ATE040
"C12, C13, C26, C27, C30, C33, C36, C37, C38, C39, C40, C42, C43, C44, C45, C46, C48, C49, C5, C50, C51, C52, C53, C54, C57, C6, C68, C69, C7, C70, C71, C72, C73, C74, C75, C76, C77, C78, C79, C8, C80, C83, C86, C88, C89, C9, C90",0402-cap,47,C_100n_0402,0402X104K6R3CT
C14,0402-cap,1,C_100p_0402,0402N101J500CT
"C15, C29",0402-cap,2,C_47p_0402,C0402C470J5GACTU
"C16, C18, C60, C67",0402-cap,4,C_2u2_0402,C1005X5R1A225K050BC
"C17, C19, C21, C22",1206-cap,4,C_10u_1206_50V,C3216X7R1H106K160AE
"C20, C34, C59, C64",0805-cap,4,C_47u_0805,C0805C476M9PACTU
"C23, C35, C47, C55, C63, C81",0603-cap,6,C_10u_0603,GRM188R61A106KE69D
C24,0402-cap,1,C_6p_0402,0402N6R0D500CT
C25,0805-cap,1,C_10u_0805,160R15X106KV4E
C28,0402-res,1,C_270p_25V_0402,C0402C271J3GAC7867
C31,1206,1,100u,C1206C107M9PACTU
C32,0402-cap,1,C_10u_0402,GRM155R60J106ME44D
C41,0402-cap,1,C_47n_0402,MC0402X473K160CT
C56,0402-cap,1,C_100n_0402_50V,GRM155R71H104KE14D
C58,0402-cap,1,C_33n_0402,MC0402B333K250CT
"C61, C82",0402-res,2,C_1n2_50V_0402,GCM155R71H122KA37D
"C65, C66, C84, C87",0402-cap,4,C_1u_0402,C1005X6S1A105K050BC
C85,0603-cap,1,C_4u7_0603,C1608X5R1V475M080AC
"D1, D9",SOD-523_NP,2,ESD5B5_0ST1G,ESD5B5.0ST1G
"D10, D11, D12, D3, D5",SOT-23s,5,PESD2USB5UV-TR,PESD2USB5UV-TR 
"D13, D17, D2, D4",SOD-323,4,1N4148WS,1N4148WS
D14,D_SMB,1,SMBJ33A,SMBJ33A
D15,SOD-323,1,diode,1N4148WS
"D6, D7, D8",TPD4E05U06_PASS,3,TPD4E05U06_PASS,TPD4E05U06DQAR
"F1, F2, F4, F5",0603-Fuse-Littelfuse-0467,4,04671.25NR,04671.25NR
F3,1206,1,3413_0329_22,3413.0329.22
"FB1, FB2",1206-res,2,74279221100,74279221100
FB3,0805-res,1,74279220181,74279220181
"IC1, IC3",SOT-23-6,2,NCP380LSNAJAAT1G,NCP380LSNAJAAT1G
IC11,SOT-23-5,1,SN74LV1T125DBVR,SN74LV1T125DBVR
IC12,TSSOP-14,1,74HC00PW,74HC00PW
IC13,R-PDSO-G5,1,SN74LVC1G126DCKR,SN74LVC1G126DCKR
"IC15, IC4",SOT-23-5,2,TPS7A0518PDBVT,TPS7A0518PDBVT
IC17,SOT23-5,1,AT24CS01-ST,AT24CS01-ST
"IC18, IC2",SON-15,2,~,TPD8S009DSMR
IC5,QFN-32,1,~,FT232RQ
IC6,MSOP-8,1,PCA9517ADP,PCA9517ADP
IC7,RNH0030A,1,HD3SS3220,HD3SS3220RNHT
J1,HDMI_Micro-D_Molex_46765-1x01,1,46756-1001,467651001
J10,5051101097,1,5051101097,5051101097
J11,WE_632723300011,1,632723300011,632723300011
J12,Molex_PicoBlade_53398-0471_1x04-1MP_P1.25mm_Vertical,1,533980471,0533980471
"J13, J14",SM04B-SRSS-TB-LF-SN,2,SM04B-SRSS-TB-LF-SN,SM04B-SRSS-TB-LF-SN
J2,2129320-3,1,2129320-3,2309413-1
J3,SI-51005-F,1,SI-51005-F,SI-51005-F 
J4,DC_SOCKET,1,~,MJ-179PH
"J5, J9",CON-Molex-047346-0001,2,~,473460001
J6,WE_68715014522_ONE-SIDE,1,WE_68715014522,68715014522 
J7,WE_68715014022,1,WE_68715014022,68715014022 
J8,MDT580M01001,1,~,MDT580M01001
L1,XFL4015-122MEC,1,XFL4020-222MEC,XFL4020-222MEC
"L10, L11, L2, L3, L7, L8, L9",0603,7,BLM18SG121TN1D,BLM18SG121TN1D
L4,IHLP3232DZ,1,IHLP3232DZER3R3M01,IHLP3232DZER3R3M01
"L5, L6",LQH32PN2R2NN0L,2,LQH32PN2R2NN0L,LQH32PN2R2NN0L
M1,jetson-nano-connector,1,~,2309413-1
M2,jetson-nano-module,1,~,900-13448-0020-000 
N1,antmicro-logo_scaled_15mm,1,antmicro_logo,
N2,oshw-logo,1,oshw_logo,
N3,CRC_logo_15mm,1,crc_logo,
"R1, R10, R2, R3, R4, R7, R8, R9",0402-res,8,R_5R6_0402,ERJ2GEJ5R6X
"R100, R102, R112, R139, R26, R30, R47, R69, R91, R96",0402-res,10,R_100k_0402,CRCW0402100KFKEDHP
"R101, R103, R104, R105, R106, R107, R108, R109, R110, R12, R121, R124, R125, R126, R127, R129, R13, R130, R132, R136, R15, R17, R19, R21, R23, R42, R48, R49, R56, R57, R58, R59, R60, R61, R62, R63, R64, R65, R66, R68, R71, R76, R78, R79, R80, R82, R92, R93, R98, R99",0402-res,50,R_0R_0402,ERJ2GE0R00X
"R11, R18, R22, R24, R25, R27, R28, R29, R33, R34, R35, R37, R5, R55, R6, R73, R74, R81, R83, R88",0402-res,20,R_2k_0402,CRCW04022K00FKED
"R111, R135, R14, R43, R97",0402-res,5,R_470R_0402,CRCW0402470RFKED
R113,0402,1,100k,ERJ2GE0R00X
"R114, R115, R116, R120, R122, R131, R133, R134, R137, R138, R39, R44, R46, R50, R52, R54, R72, R95",0402-res,18,R_10k_0402,CRCW040210K0FKEDHP
R117,0402-res,1,R_52k3_0402,ERJ-2RKF5232X
R118,0402,1,R_100k_1%_0402,ERA-6AEB104V
R119,0402-res,1,R_44k2_0402,ERJ2RKF4422X
R123,0402-res,1,R_120R_0402,ERJ2GEJ121X
"R128, R38, R40",0402-res,3,R_220R_0402,ERJ2GEJ221X
"R16, R36, R45, R87",0402-res,4,R_1k_0402,CR0402-FX-1001GLF
"R20, R41",0402-res,2,R_22R_0402,CRCW040222R0FKED
"R31, R32",0402-res,2,R_1M0_0402,CRG0402F1M0
R51,0402-res,1,R_909k_0402,ERJ2RKF9093X
"R53, R67, R84, R86",0402-res,4,R_200k_0402,RC0402FR-07200KL
R70,0402-res,1,R_100R_0402,CR0402-FX-1000GLF
R75,0402-res,1,R_316k_0402,CRCW0402316KFKED
R77,0402-res,1,R_60k4_1%_0402,ERJ-2RKF6042X
R85,0402-res,1,R_470k_0402,RC0402FR-07470KL
R89,0402-res,1,R_3R3_0402,ERJ2GEJ3R3X
R90,0402-res,1,R_26k7_0402,MCMR04X2672FTL
R94,0402-res,1,R_8k66_1%_0402,RC0402FR-078K66L
"REC1, RST1, USR1",TL3340AF160QG,3,~,TL3340AF160QG
"SP1, SP2, SP3, SP4, SP5, SP6",M2.5-6mm,6,9774060151,9774060151
SP7,9774060151,1,9774040151,9774040151
"T1, T2, T3, T4, T5, T6, T7, T8, T9",SC70-3,9,BSS138APW,BSS138PW
"TP1, TP10, TP13, TP14, TP16, TP17, TP18, TP19, TP2, TP20, TP21, TP23, TP24, TP25, TP26, TP27, TP28, TP29, TP3, TP31, TP32, TP33, TP34, TP35, TP36, TP37, TP38, TP39, TP4, TP42, TP44, TP47, TP5, TP6, TP7, TP8, TP9",TP-R-1.5,37,~,N/A
"TP11, TP12, TP15, TP40, TP41",TP-R-1.5,5,Testpad,N/A
TP30,TC2030,1,TC2030,TC2030
"U1, U5",SOT-23-5,2,LM3671MF-3.3/NOPB,LM3671MF-3.3/NOPB
U2,VQFN-14-HR,1,LM62440-Q1,LMQ62440BPPQRJRRQ1
U3,SOT-23-6,1,SN74LXC1T45DBVR,SN74LXC1T45DBVR
U4,HVQFN24,1,"PCA9547BS,118","PCA9547BS,118"
U6,SIC47XED-T1-GE3,1,SIC477ED-T1-GE3,SIC477ED-T1-GE3
U7,SOT-23-8,1,MAX3051EKA,MAX3051EKA
U8,SOT-753,1,74LVC1G07GV,"74LVC1G07GV,125"
